rule;n;n_pos;n_neg;subset;acc;acc_std;rec;rec_std;prec;prec_std;fscore;fscore_std
Any;745;528;217;0.05;0.9919463087248322;0.0013422818791946512;0.9962121212121211;0.0018939393939393812;0.9924528032902348;1.4256196916576788e-05;0.9943280235532137;0.0009510810571967081
'package' should be separated from previous statement.;745;4;741;0.05;1.0;0.0;1.0;0.0;1.0;0.0;1.0;0.0
'{' should be on the previous line;744;74;670;0.05;0.996236559139785;0.0005376344086021501;1.0;0.0;0.963568010936432;0.005058099794941917;0.981439293598234;0.002613686534216342
First sentence of Javadoc is incomplete (period is missing) or not present.;745;13;732;0.05;0.9985234899328859;0.0012663061922223626;1.0;0.0;0.9260119047619048;0.060313834608029325;0.9605546433132641;0.03291387886588408
Line contains a tab character.;745;517;228;0.05;1.0;0.0;1.0;0.0;1.0;0.0;1.0;0.0
Incorrect indentation level;744;364;380;0.05;0.9885752688172044;0.0009016403135079789;0.9950549450549451;0.0010989010989010952;0.9818412580130502;0.0016993447648334776;0.9884026884715322;0.0009088554079047056
<p> tag should be placed immediately before the first word, with no space after.;745;1;744;0.05;0.9971812080536913;0.0011149830688480919;0.0;0.0;0.0;0.0;0.0;0.0
<p> tag should be preceded with an empty line.;745;1;744;0.05;0.9986577181208054;0.0;0.0;0.0;0.0;0.0;0.0;0.0
'}' should be on the same line as the next part of a multi-block statement;745;3;742;0.05;0.9986577181208054;0.0010397270728073414;0.7333333333333334;0.24944382578492946;0.9416666666666667;0.11814539065631523;0.7923809523809523;0.1790146879543725
Wrong lexicographical order for import;745;2;743;0.05;0.9926174496644297;0.0006711409395973034;0.0;0.0;0.0;0.0;0.0;0.0
Line is longer than 100 characters;744;14;730;0.05;0.9896505376344088;0.001049764741385302;0.6642857142857144;0.055787497685047545;0.7550699300699301;0.016202247893842895;0.7060626780626781;0.03912670944572762
Missing a Javadoc comment.;745;3;742;0.05;0.9934228187919464;0.0007228409137093164;0.8;0.16329931618554522;0.35595238095238096;0.04331763190157203;0.49131313131313126;0.06986394871073476
Abbreviation in name must contain no more than '2' consecutive capital letters;745;4;741;0.05;0.9973154362416107;0.0010397270728073845;0.775;0.175;0.7333333333333333;0.06411794687223785;0.7476190476190476;0.11337267557771266
Member name must match pattern '^[a-z][a-z0-9][a-zA-Z0-9]*$';744;1;743;0.05;0.9986559139784946;0.0;0.0;0.0;0.0;0.0;0.0;0.0
At-clause should have a non-empty description.;745;3;742;0.05;0.9993288590604028;0.0006711409395973034;1.0;0.0;0.875;0.125;0.9285714285714285;0.07142857142857145
Whitespace around a symbol is not followed by whitespace;744;2;742;0.05;0.9922043010752688;0.0013169299692382668;0.0;0.0;0.0;0.0;0.0;0.0
'(' is followed by whitespace.;745;2;743;0.05;0.9978523489932887;0.0008903690712363328;0.2;0.33166247903554;0.3;0.45825756949558394;0.2333333333333333;0.3666666666666667
')' is preceded with whitespace.;745;2;743;0.05;0.9974496644295302;0.00040268456375838204;0.05;0.15000000000000002;0.1;0.30000000000000004;0.06666666666666667;0.19999999999999998
"switch without ""default"" clause.";744;0;744;0.05;1.0;0.0;0.0;0.0;0.0;0.0;0.0;0.0
Whitespace around a symbol is not preceded by whitespace;745;1;744;0.05;0.9977181208053691;0.001048355661195542;0.0;0.0;0.0;0.0;0.0;0.0
Symbol should be on a new line;744;0;744;0.05;1.0;0.0;0.0;0.0;0.0;0.0;0.0;0.0
Overload methods should not be split;745;1;744;0.05;0.9963758389261743;0.0006151108315377364;0.0;0.0;0.0;0.0;0.0;0.0
Empty line should be followed by <p> tag on the next line.;744;0;744;0.05;1.0;0.0;0.0;0.0;0.0;0.0;0.0;0.0
Top-level class BookmarkStack has to reside in its own source file.;744;0;744;0.05;1.0;0.0;0.0;0.0;0.0;0.0;0.0;0.0
'static' modifier out of order with the JLS suggestions.;744;0;744;0.05;1.0;0.0;0.0;0.0;0.0;0.0;0.0;0.0
Empty catch block.;744;0;744;0.05;1.0;0.0;0.0;0.0;0.0;0.0;0.0;0.0
'if' construct must use '{}'s.;744;0;744;0.05;1.0;0.0;0.0;0.0;0.0;0.0;0.0;0.0
'CTOR_DEF' should be separated from previous statement.;744;0;744;0.05;1.0;0.0;0.0;0.0;0.0;0.0;0.0;0.0
'else' construct must use '{}'s.;744;0;744;0.05;1.0;0.0;0.0;0.0;0.0;0.0;0.0;0.0
'for' construct must use '{}'s.;744;0;744;0.05;1.0;0.0;0.0;0.0;0.0;0.0;0.0;0.0
'protected' modifier out of order with the JLS suggestions.;744;0;744;0.05;1.0;0.0;0.0;0.0;0.0;0.0;0.0;0.0
Distance between variable declaration and its first usage is more than '3';744;0;744;0.05;1.0;0.0;0.0;0.0;0.0;0.0;0.0;0.0
Javadoc comment has parse error.;744;0;744;0.05;1.0;0.0;0.0;0.0;0.0;0.0;0.0;0.0
GenericWhitespace '>' is followed by whitespace.;744;0;744;0.05;1.0;0.0;0.0;0.0;0.0;0.0;0.0;0.0
Local variable name must match pattern '^[a-z]([a-z0-9][a-zA-Z0-9]*)?$';744;0;744;0.05;1.0;0.0;0.0;0.0;0.0;0.0;0.0;0.0
Each variable declaration must be in its own statement.;744;0;744;0.05;1.0;0.0;0.0;0.0;0.0;0.0;0.0;0.0
Catch parameter name 'eMissingResource' must match pattern '^[a-z]([a-z0-9][a-zA-Z0-9]*)?$'.;744;0;744;0.05;1.0;0.0;0.0;0.0;0.0;0.0;0.0;0.0
'public' modifier out of order with the JLS suggestions.;744;0;744;0.05;1.0;0.0;0.0;0.0;0.0;0.0;0.0;0.0
Array brackets at illegal position.;744;0;744;0.05;1.0;0.0;0.0;0.0;0.0;0.0;0.0;0.0
At-clauses have to appear in the order '[@param, @return, @throws, @deprecated]'.;744;0;744;0.05;1.0;0.0;0.0;0.0;0.0;0.0;0.0;0.0
Parameter must match pattern '^[a-z]([a-z0-9][a-zA-Z0-9]*)?$';744;0;744;0.05;1.0;0.0;0.0;0.0;0.0;0.0;0.0;0.0
Single-line Javadoc comment should be multi-line.;744;0;744;0.05;1.0;0.0;0.0;0.0;0.0;0.0;0.0;0.0
'METHOD_DEF' should be separated from previous statement.;744;0;744;0.05;1.0;0.0;0.0;0.0;0.0;0.0;0.0;0.0
Redundant <p> tag.;744;0;744;0.05;1.0;0.0;0.0;0.0;0.0;0.0;0.0;0.0
Any;1488;1055;433;0.1;0.9870967741935482;0.0007837300933932001;0.9905213270142179;0.0009478672985782088;0.9912730497742912;0.00037819210878816333;0.9908968317057791;0.0005560913323661433
'package' should be separated from previous statement.;1488;7;1481;0.1;0.9993279569892474;1.1102230246251565e-16;1.0;0.0;0.875;0.0;0.9333333333333333;0.0
'{' should be on the previous line;1488;148;1340;0.1;0.9990591397849462;0.0003292324923095395;1.0;0.0;0.9906398210290828;0.0032440669524108233;0.9952952342214088;0.0016384176527327458
First sentence of Javadoc is incomplete (period is missing) or not present.;1488;25;1463;0.1;0.9993279569892474;1.1102230246251565e-16;1.0;0.0;0.9615384615384615;1.1102230246251565e-16;0.980392156862745;1.1102230246251565e-16
Line contains a tab character.;1488;1033;455;0.1;1.0;0.0;1.0;0.0;1.0;0.0;1.0;0.0
Incorrect indentation level;1488;728;760;0.1;0.9898521505376344;0.0007632941325000337;0.990521978021978;0.0012958765291286498;0.9887563990215347;0.0005470243403149941;0.9896380244999861;0.0007843501252503096
<p> tag should be placed immediately before the first word, with no space after.;1488;1;1487;0.1;0.999260752688172;0.00020161290322578962;0.0;0.0;0.0;0.0;0.0;0.0
<p> tag should be preceded with an empty line.;1488;1;1487;0.1;0.9993279569892474;1.1102230246251565e-16;0.0;0.0;0.0;0.0;0.0;0.0
'}' should be on the same line as the next part of a multi-block statement;1489;6;1483;0.1;0.9978509066487575;0.0004029550033579632;0.5333333333333333;0.06666666666666667;0.905;0.11715374513859982;0.6660606060606061;0.058975022338880405
Wrong lexicographical order for import;1489;3;1486;0.1;0.9957018132975153;0.0003290113825094429;0.33333333333333337;5.551115123125783e-17;0.18666666666666668;0.01632993161855453;0.23888888888888887;0.01360827634879544
Line is longer than 100 characters;1488;28;1460;0.1;0.9877016129032257;0.0005248823706926574;0.4892857142857143;0.01636634176769942;0.7748194014447884;0.028218763328880594;0.5995354096001645;0.01652282040809194
Missing a Javadoc comment.;1489;5;1484;0.1;0.9973136333109469;0.0004247518683906538;1.0;0.0;0.5583333333333333;0.03967460238079361;0.7157509157509158;0.0324832223844621
Abbreviation in name must contain no more than '2' consecutive capital letters;1489;7;1482;0.1;0.9955674949630623;0.0004454835178448745;0.7142857142857143;0.0;0.523611111111111;0.04027777777777778;0.6034313725490195;0.025584290883725318
Member name must match pattern '^[a-z][a-z0-9][a-zA-Z0-9]*$';1488;2;1486;0.1;1.0;0.0;1.0;0.0;1.0;0.0;1.0;0.0
At-clause should have a non-empty description.;1489;5;1484;0.1;0.9998656816655472;0.0002686366689053088;1.0;0.0;0.9666666666666668;0.06666666666666665;0.9818181818181818;0.036363636363636376
Whitespace around a symbol is not followed by whitespace;1488;4;1484;0.1;0.997244623655914;0.0005582408510025603;0.25;0.0;0.5833333333333333;0.2813657169355689;0.3342857142857143;0.04732288856687559
'(' is followed by whitespace.;1488;3;1485;0.1;0.999260752688172;0.0003619062370386016;0.6333333333333333;0.17950549357115014;1.0;0.0;0.76;0.14282856857085702
')' is preceded with whitespace.;1488;3;1485;0.1;0.999260752688172;0.0005582408510025563;0.6333333333333333;0.27688746209726917;1.0;0.0;0.74;0.21071307505705478
"switch without ""default"" clause.";1489;1;1488;0.1;0.9988582941571522;0.0003077619674248418;0.0;0.0;0.0;0.0;0.0;0.0
Whitespace around a symbol is not preceded by whitespace;1489;2;1487;0.1;0.9991940899932841;0.0006580227650189946;0.5;0.3872983346207417;0.65;0.45;0.55;0.39475730941090037
Symbol should be on a new line;1488;1;1487;0.1;0.998521505376344;0.0006584649846191266;0.0;0.0;0.0;0.0;0.0;0.0
Overload methods should not be split;1488;1;1487;0.1;0.9981182795698924;0.0002688172043010972;0.0;0.0;0.0;0.0;0.0;0.0
Empty line should be followed by <p> tag on the next line.;1489;1;1488;0.1;0.9992612491605103;0.00020147750167898157;0.0;0.0;0.0;0.0;0.0;0.0
Top-level class BookmarkStack has to reside in its own source file.;1489;1;1488;0.1;0.9991269308260577;0.0003077619674248419;0.0;0.0;0.0;0.0;0.0;0.0
'static' modifier out of order with the JLS suggestions.;1489;1;1488;0.1;0.9993284083277366;1.1102230246251565e-16;0.0;0.0;0.0;0.0;0.0;0.0
Empty catch block.;1489;1;1488;0.1;0.9993284083277366;1.1102230246251565e-16;0.0;0.0;0.0;0.0;0.0;0.0
'if' construct must use '{}'s.;1488;0;1488;0.1;1.0;0.0;0.0;0.0;0.0;0.0;0.0;0.0
'CTOR_DEF' should be separated from previous statement.;1488;0;1488;0.1;1.0;0.0;0.0;0.0;0.0;0.0;0.0;0.0
'else' construct must use '{}'s.;1488;0;1488;0.1;1.0;0.0;0.0;0.0;0.0;0.0;0.0;0.0
'for' construct must use '{}'s.;1488;0;1488;0.1;1.0;0.0;0.0;0.0;0.0;0.0;0.0;0.0
'protected' modifier out of order with the JLS suggestions.;1488;0;1488;0.1;1.0;0.0;0.0;0.0;0.0;0.0;0.0;0.0
Distance between variable declaration and its first usage is more than '3';1488;0;1488;0.1;1.0;0.0;0.0;0.0;0.0;0.0;0.0;0.0
Javadoc comment has parse error.;1488;0;1488;0.1;1.0;0.0;0.0;0.0;0.0;0.0;0.0;0.0
GenericWhitespace '>' is followed by whitespace.;1488;0;1488;0.1;1.0;0.0;0.0;0.0;0.0;0.0;0.0;0.0
Local variable name must match pattern '^[a-z]([a-z0-9][a-zA-Z0-9]*)?$';1488;0;1488;0.1;1.0;0.0;0.0;0.0;0.0;0.0;0.0;0.0
Each variable declaration must be in its own statement.;1488;0;1488;0.1;1.0;0.0;0.0;0.0;0.0;0.0;0.0;0.0
Catch parameter name 'eMissingResource' must match pattern '^[a-z]([a-z0-9][a-zA-Z0-9]*)?$'.;1488;0;1488;0.1;1.0;0.0;0.0;0.0;0.0;0.0;0.0;0.0
'public' modifier out of order with the JLS suggestions.;1488;0;1488;0.1;1.0;0.0;0.0;0.0;0.0;0.0;0.0;0.0
Array brackets at illegal position.;1488;0;1488;0.1;1.0;0.0;0.0;0.0;0.0;0.0;0.0;0.0
At-clauses have to appear in the order '[@param, @return, @throws, @deprecated]'.;1488;0;1488;0.1;1.0;0.0;0.0;0.0;0.0;0.0;0.0;0.0
Parameter must match pattern '^[a-z]([a-z0-9][a-zA-Z0-9]*)?$';1488;0;1488;0.1;1.0;0.0;0.0;0.0;0.0;0.0;0.0;0.0
Single-line Javadoc comment should be multi-line.;1488;0;1488;0.1;1.0;0.0;0.0;0.0;0.0;0.0;0.0;0.0
'METHOD_DEF' should be separated from previous statement.;1488;0;1488;0.1;1.0;0.0;0.0;0.0;0.0;0.0;0.0;0.0
Redundant <p> tag.;1488;0;1488;0.1;1.0;0.0;0.0;0.0;0.0;0.0;0.0;0.0
Any;2976;2110;866;0.2;0.9912970430107526;0.000551116245526094;0.993696682464455;0.0006013543858033207;0.9940265462636116;0.00037774650845358076;0.9938614858899957;0.0003895771024427951
'package' should be separated from previous statement.;2976;14;2962;0.2;0.9996639784946236;0.0;1.0;0.0;0.9333333333333333;0.0;0.9655172413793103;1.1102230246251565e-16
'{' should be on the previous line;2976;296;2680;0.2;0.9989583333333332;0.00010080645161291147;0.9962837837837837;0.0010135135135135196;0.9932637182637183;6.825006825028623e-06;0.9947712045941387;0.0005093204502985005
First sentence of Javadoc is incomplete (period is missing) or not present.;2976;50;2926;0.2;0.9993279569892474;1.1102230246251565e-16;0.9800000000000001;1.1102230246251565e-16;0.9800000000000001;1.1102230246251565e-16;0.9800000000000001;1.1102230246251565e-16
Line contains a tab character.;2976;2066;910;0.2;1.0;0.0;1.0;0.0;1.0;0.0;1.0;0.0
Incorrect indentation level;2976;1456;1520;0.2;0.9935147849462366;0.0006558878123636722;0.9964972527472528;0.0011675824175824134;0.9903079915541111;0.000507556561104141;0.9933926245024043;0.0006710220719455133
<p> tag should be placed immediately before the first word, with no space after.;2976;2;2974;0.2;1.0;0.0;1.0;0.0;1.0;0.0;1.0;0.0
<p> tag should be preceded with an empty line.;2976;2;2974;0.2;0.999092741935484;0.00021515874453736315;0.5;0.0;0.3916666666666667;0.09166666666666667;0.4333333333333333;0.05773502691896256
'}' should be on the same line as the next part of a multi-block statement;2976;11;2965;0.2;0.9991599462365592;0.00016801075268813026;0.909090909090909;1.1102230246251565e-16;0.8712121212121211;0.037878787878787845;0.8893280632411067;0.01976284584980237
Wrong lexicographical order for import;2976;5;2971;0.2;0.9968077956989246;0.00027090919853153876;0.2;0.0;0.15630952380952381;0.020104954207196532;0.17477855477855478;0.012392429214001998
Line is longer than 100 characters;2975;56;2919;0.2;0.9932773109243695;0.00033613445378151137;0.7767857142857142;0.014396888836247401;0.8533455358921508;0.016280753303685926;0.813078764649091;0.00909316256590809
Missing a Javadoc comment.;2976;9;2967;0.2;0.999361559139785;0.00010080645161291145;1.0;0.0;0.8263636363636364;0.024545454545454537;0.9047368421052632;0.014210526315789484
Abbreviation in name must contain no more than '2' consecutive capital letters;2976;13;2963;0.2;0.9979166666666666;0.00020161290322577853;0.8615384615384615;0.030769230769230792;0.7185049019607843;0.022659641801885844;0.7832019704433497;0.02023959233330648
Member name must match pattern '^[a-z][a-z0-9][a-zA-Z0-9]*$';2975;4;2971;0.2;0.9988571428571428;0.00016467157934673508;0.75;0.0;0.5599999999999999;0.04898979485566355;0.6399999999999999;0.032659863237108976
At-clause should have a non-empty description.;2976;9;2967;0.2;0.9996639784946236;0.0;0.888888888888889;1.1102230246251565e-16;1.0;0.0;0.9411764705882353;0.0
Whitespace around a symbol is not followed by whitespace;2975;7;2968;0.2;0.9971092436974791;0.000222966372460849;0.2857142857142857;0.0;0.36333333333333334;0.05259911279353168;0.3184149184149184;0.018151908936066947
'(' is followed by whitespace.;2976;6;2970;0.2;1.0;0.0;1.0;0.0;1.0;0.0;1.0;0.0
')' is preceded with whitespace.;2976;6;2970;0.2;1.0;0.0;1.0;0.0;1.0;0.0;1.0;0.0
"switch without ""default"" clause.";2975;0;2975;0.2;1.0;0.0;0.0;0.0;0.0;0.0;0.0;0.0
Whitespace around a symbol is not preceded by whitespace;2976;3;2973;0.2;0.9997647849462366;0.00015398439835202335;0.7666666666666667;0.1527525231651947;1.0;0.0;0.8600000000000001;0.09165151389911677
Symbol should be on a new line;2975;1;2974;0.2;0.9996638655462183;1.1102230246251565e-16;0.0;0.0;0.0;0.0;0.0;0.0
Overload methods should not be split;2976;2;2974;0.2;0.9982862903225806;0.00031700205416857223;0.0;0.0;0.0;0.0;0.0;0.0
Empty line should be followed by <p> tag on the next line.;2976;1;2975;0.2;0.9996639784946236;0.0;0.0;0.0;0.0;0.0;0.0;0.0
Top-level class BookmarkStack has to reside in its own source file.;2975;0;2975;0.2;1.0;0.0;0.0;0.0;0.0;0.0;0.0;0.0
'static' modifier out of order with the JLS suggestions.;2975;0;2975;0.2;1.0;0.0;0.0;0.0;0.0;0.0;0.0;0.0
Empty catch block.;2975;0;2975;0.2;1.0;0.0;0.0;0.0;0.0;0.0;0.0;0.0
'if' construct must use '{}'s.;2975;0;2975;0.2;1.0;0.0;0.0;0.0;0.0;0.0;0.0;0.0
'CTOR_DEF' should be separated from previous statement.;2975;0;2975;0.2;1.0;0.0;0.0;0.0;0.0;0.0;0.0;0.0
'else' construct must use '{}'s.;2975;0;2975;0.2;1.0;0.0;0.0;0.0;0.0;0.0;0.0;0.0
'for' construct must use '{}'s.;2975;0;2975;0.2;1.0;0.0;0.0;0.0;0.0;0.0;0.0;0.0
'protected' modifier out of order with the JLS suggestions.;2975;0;2975;0.2;1.0;0.0;0.0;0.0;0.0;0.0;0.0;0.0
Distance between variable declaration and its first usage is more than '3';2975;0;2975;0.2;1.0;0.0;0.0;0.0;0.0;0.0;0.0;0.0
Javadoc comment has parse error.;2975;0;2975;0.2;1.0;0.0;0.0;0.0;0.0;0.0;0.0;0.0
GenericWhitespace '>' is followed by whitespace.;2975;0;2975;0.2;1.0;0.0;0.0;0.0;0.0;0.0;0.0;0.0
Local variable name must match pattern '^[a-z]([a-z0-9][a-zA-Z0-9]*)?$';2975;0;2975;0.2;1.0;0.0;0.0;0.0;0.0;0.0;0.0;0.0
Each variable declaration must be in its own statement.;2975;0;2975;0.2;1.0;0.0;0.0;0.0;0.0;0.0;0.0;0.0
Catch parameter name 'eMissingResource' must match pattern '^[a-z]([a-z0-9][a-zA-Z0-9]*)?$'.;2975;0;2975;0.2;1.0;0.0;0.0;0.0;0.0;0.0;0.0;0.0
'public' modifier out of order with the JLS suggestions.;2975;0;2975;0.2;1.0;0.0;0.0;0.0;0.0;0.0;0.0;0.0
Array brackets at illegal position.;2975;0;2975;0.2;1.0;0.0;0.0;0.0;0.0;0.0;0.0;0.0
At-clauses have to appear in the order '[@param, @return, @throws, @deprecated]'.;2975;0;2975;0.2;1.0;0.0;0.0;0.0;0.0;0.0;0.0;0.0
Parameter must match pattern '^[a-z]([a-z0-9][a-zA-Z0-9]*)?$';2975;0;2975;0.2;1.0;0.0;0.0;0.0;0.0;0.0;0.0;0.0
Single-line Javadoc comment should be multi-line.;2975;0;2975;0.2;1.0;0.0;0.0;0.0;0.0;0.0;0.0;0.0
'METHOD_DEF' should be separated from previous statement.;2975;0;2975;0.2;1.0;0.0;0.0;0.0;0.0;0.0;0.0;0.0
Redundant <p> tag.;2975;0;2975;0.2;1.0;0.0;0.0;0.0;0.0;0.0;0.0;0.0
Any;4959;3516;1443;0.3;0.9913490623109498;0.0002772278097372138;0.9947383390216157;0.0002293019837400134;0.9930720203088714;0.0003139682900605658;0.9939044433971347;0.00019497151504471236
'package' should be separated from previous statement.;4959;22;4937;0.3;0.9995966928816294;1.1102230246251565e-16;1.0;0.0;0.9166666666666666;0.0;0.9565217391304349;1.1102230246251565e-16
'{' should be on the previous line;4959;493;4466;0.3;0.9994555353901996;9.24092699124046e-05;1.0;0.0;0.9945540078201368;0.0009201734350005118;0.9972693556244192;0.0004624165041393203
First sentence of Javadoc is incomplete (period is missing) or not present.;4959;83;4876;0.3;0.9995160314579552;9.878966496403875e-05;0.9759036144578314;0.0;0.9951219512195122;0.00597436522630044;0.9854101995565412;0.002932870202002029
Line contains a tab character.;4959;3442;1517;0.3;1.0;0.0;1.0;0.0;1.0;0.0;1.0;0.0
Incorrect indentation level;4959;2426;2533;0.3;0.9938092357330106;0.0004234724742891528;0.9956718878812861;0.0004608549005564236;0.991707072868099;0.0006521696943614798;0.9936853909726887;0.0004310877301703456
<p> tag should be placed immediately before the first word, with no space after.;4959;3;4956;0.3;1.0;0.0;1.0;0.0;1.0;0.0;1.0;0.0
<p> tag should be preceded with an empty line.;4959;3;4956;0.3;0.9996571889493848;0.00012912127923842053;0.9333333333333332;0.13333333333333336;0.6566666666666666;0.08504900548115384;0.7666666666666666;0.09053882543729304
'}' should be on the same line as the next part of a multi-block statement;4959;17;4942;0.3;0.9990723936277476;9.878966496398437e-05;0.9;0.026956327617387303;0.8408668730650154;0.014374352168872558;0.8691876750700279;0.014860025379705955
Wrong lexicographical order for import;4959;8;4951;0.3;0.9969147005444647;9.24092699124046e-05;0.125;0.0;0.10777777777777778;0.00509175077217315;0.11568627450980393;0.0029951475130430283
Line is longer than 100 characters;4959;94;4865;0.3;0.9928816293607582;0.00025586968220307245;0.7627659574468085;0.01263227881599779;0.8466107372560318;0.008668676663941983;0.8024259689624043;0.007840066824505205
Missing a Javadoc comment.;4959;14;4945;0.3;0.999395039322444;0.0;0.8571428571428571;0.0;0.9230769230769231;0.0;0.888888888888889;0.0
Abbreviation in name must contain no more than '2' consecutive capital letters;4959;21;4938;0.3;0.9971365194595686;0.0001509037058590115;0.7904761904761906;0.023328473740792197;0.6289877899877899;0.015461957573390053;0.7003891427061111;0.01568046743406181
Member name must match pattern '^[a-z][a-z0-9][a-zA-Z0-9]*$';4959;7;4952;0.3;0.9995966928816294;1.1102230246251565e-16;0.8571428571428571;0.0;0.8571428571428571;0.0;0.8571428571428571;0.0
At-clause should have a non-empty description.;4959;15;4944;0.3;0.9997983464408146;1.1102230246251565e-16;0.9333333333333333;0.0;1.0;0.0;0.9655172413793103;1.1102230246251565e-16
Whitespace around a symbol is not followed by whitespace;4959;12;4947;0.3;0.9979632990522284;0.0002290344160435834;0.75;0.0;0.561859243697479;0.04056649931459177;0.6416281419729697;0.026220157287736065
'(' is followed by whitespace.;4959;10;4949;0.3;1.0;0.0;1.0;0.0;1.0;0.0;1.0;0.0
')' is preceded with whitespace.;4959;10;4949;0.3;0.9999193385763258;9.878966496403874e-05;0.96;0.04898979485566355;1.0;0.0;0.9789473684210528;0.025784102555612372
"switch without ""default"" clause.";4959;1;4958;0.3;0.9995361968138738;9.24092699124046e-05;0.0;0.0;0.0;0.0;0.0;0.0
Whitespace around a symbol is not preceded by whitespace;4959;5;4954;0.3;0.9998991732204073;0.00010082677959266652;0.9;0.09999999999999998;1.0;0.0;0.9444444444444444;0.055555555555555525
Symbol should be on a new line;4959;2;4957;0.3;0.9992740471869329;0.00013376183869149506;0.0;0.0;0.0;0.0;0.0;0.0
Overload methods should not be split;4959;3;4956;0.3;0.9988909054244808;0.00010082677959266652;0.0;0.0;0.0;0.0;0.0;0.0
Empty line should be followed by <p> tag on the next line.;4959;2;4957;0.3;0.999435370034281;8.06614236741332e-05;0.0;0.0;0.0;0.0;0.0;0.0
Top-level class BookmarkStack has to reside in its own source file.;4959;1;4958;0.3;0.9997983464408146;1.1102230246251565e-16;0.0;0.0;0.0;0.0;0.0;0.0
'static' modifier out of order with the JLS suggestions.;4959;1;4958;0.3;0.9997176850171405;9.878966496403875e-05;0.0;0.0;0.0;0.0;0.0;0.0
Empty catch block.;4959;1;4958;0.3;0.9995966928816294;1.1102230246251565e-16;0.0;0.0;0.0;0.0;0.0;0.0
'if' construct must use '{}'s.;4959;0;4959;0.3;1.0;0.0;0.0;0.0;0.0;0.0;0.0;0.0
'CTOR_DEF' should be separated from previous statement.;4959;0;4959;0.3;1.0;0.0;0.0;0.0;0.0;0.0;0.0;0.0
'else' construct must use '{}'s.;4959;0;4959;0.3;1.0;0.0;0.0;0.0;0.0;0.0;0.0;0.0
'for' construct must use '{}'s.;4959;0;4959;0.3;1.0;0.0;0.0;0.0;0.0;0.0;0.0;0.0
'protected' modifier out of order with the JLS suggestions.;4959;0;4959;0.3;1.0;0.0;0.0;0.0;0.0;0.0;0.0;0.0
Distance between variable declaration and its first usage is more than '3';4959;0;4959;0.3;1.0;0.0;0.0;0.0;0.0;0.0;0.0;0.0
Javadoc comment has parse error.;4959;0;4959;0.3;1.0;0.0;0.0;0.0;0.0;0.0;0.0;0.0
GenericWhitespace '>' is followed by whitespace.;4959;0;4959;0.3;1.0;0.0;0.0;0.0;0.0;0.0;0.0;0.0
Local variable name must match pattern '^[a-z]([a-z0-9][a-zA-Z0-9]*)?$';4959;0;4959;0.3;1.0;0.0;0.0;0.0;0.0;0.0;0.0;0.0
Each variable declaration must be in its own statement.;4959;0;4959;0.3;1.0;0.0;0.0;0.0;0.0;0.0;0.0;0.0
Catch parameter name 'eMissingResource' must match pattern '^[a-z]([a-z0-9][a-zA-Z0-9]*)?$'.;4959;0;4959;0.3;1.0;0.0;0.0;0.0;0.0;0.0;0.0;0.0
'public' modifier out of order with the JLS suggestions.;4959;0;4959;0.3;1.0;0.0;0.0;0.0;0.0;0.0;0.0;0.0
Array brackets at illegal position.;4959;0;4959;0.3;1.0;0.0;0.0;0.0;0.0;0.0;0.0;0.0
At-clauses have to appear in the order '[@param, @return, @throws, @deprecated]'.;4959;0;4959;0.3;1.0;0.0;0.0;0.0;0.0;0.0;0.0;0.0
Parameter must match pattern '^[a-z]([a-z0-9][a-zA-Z0-9]*)?$';4959;0;4959;0.3;1.0;0.0;0.0;0.0;0.0;0.0;0.0;0.0
Single-line Javadoc comment should be multi-line.;4959;0;4959;0.3;1.0;0.0;0.0;0.0;0.0;0.0;0.0;0.0
'METHOD_DEF' should be separated from previous statement.;4959;0;4959;0.3;1.0;0.0;0.0;0.0;0.0;0.0;0.0;0.0
Redundant <p> tag.;4959;0;4959;0.3;1.0;0.0;0.0;0.0;0.0;0.0;0.0;0.0
Any;7438;5273;2165;0.4;0.9935735412745361;0.0002151115891368488;0.9962450218092169;0.0001858137487413775;0.9946982956101813;0.00031477548902122525;0.9954710136421724;0.00015110384260836877
'package' should be separated from previous statement.;7438;33;7405;0.4;0.999731110513579;1.1102230246251565e-16;1.0;0.0;0.9428571428571428;0.0;0.9705882352941175;1.1102230246251565e-16
'{' should be on the previous line;7438;740;6698;0.4;0.9995563323474054;0.00010500470120874447;0.9997297297297297;0.0005405405405405351;0.9958275420995439;0.000722738904836013;0.9977746896045041;0.0005265014645531834
First sentence of Javadoc is incomplete (period is missing) or not present.;7438;125;7313;0.4;0.9995697768217264;0.0001006092333093079;0.984;0.0;0.9903741935483872;0.005979834304916489;0.9871678196657598;0.002967492471482831
Line contains a tab character.;7438;5163;2275;0.4;1.0;0.0;1.0;0.0;1.0;0.0;1.0;0.0
Incorrect indentation level;7438;3639;3799;0.4;0.9943264318365153;0.0001448014199282971;0.9950810662269853;0.0004336283000291049;0.993334382679276;0.0004209921396983017;0.9942067956507288;0.0001479391347237516
<p> tag should be placed immediately before the first word, with no space after.;7438;5;7433;0.4;1.0;0.0;1.0;0.0;1.0;0.0;1.0;0.0
<p> tag should be preceded with an empty line.;7438;4;7434;0.4;0.9998117773595052;6.586420389307701e-05;0.9;0.12247448713915891;0.78;0.024494897427831803;0.8333333333333334;0.0680413817439772
'}' should be on the same line as the next part of a multi-block statement;7438;26;7412;0.4;0.9996907770906158;6.161032125507827e-05;0.95;0.017625291134445525;0.961076923076923;0.0007050116453778496;0.9554298642533936;0.009331036482941773
Wrong lexicographical order for import;7438;12;7426;0.4;0.9973514385587524;8.608663938464866e-05;0.16666666666666669;2.7755575615628914e-17;0.17144522144522148;0.00924279901767219;0.1688985507246377;0.004524061090929624
Line is longer than 100 characters;7438;140;7298;0.4;0.9942592094649101;0.0003898897553105773;0.8228571428571427;0.015583874449479604;0.8655883568422487;0.011051306779951284;0.8436053810077879;0.011110937338684127
Missing a Javadoc comment.;7438;21;7417;0.4;0.999462221027158;1.1102230246251565e-16;0.8571428571428571;0.0;0.9473684210526315;0.0;0.9;0.0
Abbreviation in name must contain no more than '2' consecutive capital letters;7438;32;7406;0.4;0.9976203280451734;0.00012100026888950399;0.759375;0.020009763241977653;0.7085913759443171;0.01416847573852;0.7329797127075441;0.014159871353507165
Member name must match pattern '^[a-z][a-z0-9][a-zA-Z0-9]*$';7438;10;7428;0.4;0.9995697768217264;5.3777897284224e-05;0.9;0.0;0.8045454545454547;0.027272727272727292;0.8493506493506494;0.01558441558441559
At-clause should have a non-empty description.;7438;22;7416;0.4;0.9998655552567894;0.0;0.9545454545454547;1.1102230246251565e-16;1.0;0.0;0.9767441860465118;1.1102230246251565e-16
Whitespace around a symbol is not followed by whitespace;7438;18;7420;0.4;0.9988303307340682;0.00014788921753156753;0.8;0.02721655269759088;0.7389473684210526;0.03148670739188639;0.7681365576102418;0.028070015249501333
'(' is followed by whitespace.;7438;14;7424;0.4;1.0;0.0;1.0;0.0;1.0;0.0;1.0;0.0
')' is preceded with whitespace.;7438;15;7423;0.4;0.9998789997311105;4.0333422963168e-05;0.9400000000000001;0.019999999999999997;1.0;0.0;0.9689655172413791;0.010344827586206884
"switch without ""default"" clause.";7438;1;7437;0.4;0.9997176660392579;7.240070996413721e-05;0.0;0.0;0.0;0.0;0.0;0.0
Whitespace around a symbol is not preceded by whitespace;7438;7;7431;0.4;0.9999058886797526;6.161032125512915e-05;0.9;0.06546536707079774;1.0;0.0;0.9461538461538461;0.0352505822688911
Symbol should be on a new line;7438;3;7435;0.4;0.9992067760150578;9.4111320247392e-05;0.0;0.0;0.0;0.0;0.0;0.0
Overload methods should not be split;7438;4;7434;0.4;0.9992202204893788;0.0001006092333093435;0.1;0.12247448713915891;0.125;0.15478479684172258;0.11071428571428572;0.1359490450762449
Empty line should be followed by <p> tag on the next line.;7438;2;7436;0.4;0.999731110513579;1.1102230246251565e-16;0.0;0.0;0.0;0.0;0.0;0.0
Top-level class BookmarkStack has to reside in its own source file.;7438;1;7437;0.4;0.999771443936542;8.608663938467467e-05;0.0;0.0;0.0;0.0;0.0;0.0
'static' modifier out of order with the JLS suggestions.;7438;1;7437;0.4;0.9998252218338264;6.161032125512914e-05;0.0;0.0;0.0;0.0;0.0;0.0
Empty catch block.;7438;1;7437;0.4;0.9998655552567894;0.0;0.0;0.0;0.0;0.0;0.0;0.0
'if' construct must use '{}'s.;7438;0;7438;0.4;1.0;0.0;0.0;0.0;0.0;0.0;0.0;0.0
'CTOR_DEF' should be separated from previous statement.;7438;0;7438;0.4;1.0;0.0;0.0;0.0;0.0;0.0;0.0;0.0
'else' construct must use '{}'s.;7438;0;7438;0.4;1.0;0.0;0.0;0.0;0.0;0.0;0.0;0.0
'for' construct must use '{}'s.;7438;0;7438;0.4;1.0;0.0;0.0;0.0;0.0;0.0;0.0;0.0
'protected' modifier out of order with the JLS suggestions.;7438;0;7438;0.4;1.0;0.0;0.0;0.0;0.0;0.0;0.0;0.0
Distance between variable declaration and its first usage is more than '3';7438;0;7438;0.4;1.0;0.0;0.0;0.0;0.0;0.0;0.0;0.0
Javadoc comment has parse error.;7438;0;7438;0.4;1.0;0.0;0.0;0.0;0.0;0.0;0.0;0.0
GenericWhitespace '>' is followed by whitespace.;7438;0;7438;0.4;1.0;0.0;0.0;0.0;0.0;0.0;0.0;0.0
Local variable name must match pattern '^[a-z]([a-z0-9][a-zA-Z0-9]*)?$';7438;0;7438;0.4;1.0;0.0;0.0;0.0;0.0;0.0;0.0;0.0
Each variable declaration must be in its own statement.;7438;0;7438;0.4;1.0;0.0;0.0;0.0;0.0;0.0;0.0;0.0
Catch parameter name 'eMissingResource' must match pattern '^[a-z]([a-z0-9][a-zA-Z0-9]*)?$'.;7438;0;7438;0.4;1.0;0.0;0.0;0.0;0.0;0.0;0.0;0.0
'public' modifier out of order with the JLS suggestions.;7438;0;7438;0.4;1.0;0.0;0.0;0.0;0.0;0.0;0.0;0.0
Array brackets at illegal position.;7438;0;7438;0.4;1.0;0.0;0.0;0.0;0.0;0.0;0.0;0.0
At-clauses have to appear in the order '[@param, @return, @throws, @deprecated]'.;7438;0;7438;0.4;1.0;0.0;0.0;0.0;0.0;0.0;0.0;0.0
Parameter must match pattern '^[a-z]([a-z0-9][a-zA-Z0-9]*)?$';7438;0;7438;0.4;1.0;0.0;0.0;0.0;0.0;0.0;0.0;0.0
Single-line Javadoc comment should be multi-line.;7438;0;7438;0.4;1.0;0.0;0.0;0.0;0.0;0.0;0.0;0.0
'METHOD_DEF' should be separated from previous statement.;7438;0;7438;0.4;1.0;0.0;0.0;0.0;0.0;0.0;0.0;0.0
Redundant <p> tag.;7438;0;7438;0.4;1.0;0.0;0.0;0.0;0.0;0.0;0.0;0.0
Any;7438;5273;2165;0.5;0.9934525410056466;0.00021720212989247622;0.9962450218092167;0.00011378721790253898;0.9945287841538564;0.0002969534924031601;0.9953861356516868;0.00015247384266480293
'package' should be separated from previous statement.;7438;33;7405;0.5;0.999731110513579;1.1102230246251565e-16;1.0;0.0;0.9428571428571428;0.0;0.9705882352941175;1.1102230246251565e-16
'{' should be on the previous line;7438;740;6698;0.5;0.9995563323474054;0.0001351152947179378;0.9995945945945947;0.0006192669858048369;0.995961586460006;0.001039719284074664;0.9977745074204842;0.0006772291368411963
First sentence of Javadoc is incomplete (period is missing) or not present.;7438;125;7313;0.5;0.9995159989244422;6.5864203893077e-05;0.984;0.0;0.987174193548387;0.0038875772691913764;0.9855807228915662;0.0019359822545370541
Line contains a tab character.;7438;5163;2275;0.5;1.0;0.0;1.0;0.0;1.0;0.0;1.0;0.0
Incorrect indentation level;7438;3639;3799;0.5;0.9943936542081204;0.00021720212989248243;0.9951085463039296;0.00043968123110744436;0.9934434610668743;0.00037355367093456143;0.994275188841146;0.00022209534854101003
<p> tag should be placed immediately before the first word, with no space after.;7438;5;7433;0.5;1.0;0.0;1.0;0.0;1.0;0.0;1.0;0.0
<p> tag should be preceded with an empty line.;7438;4;7434;0.5;0.9998521107824685;7.240070996417432e-05;0.95;0.09999999999999999;0.8099999999999999;0.06633249580710798;0.8722222222222223;0.06938886664887109
'}' should be on the same line as the next part of a multi-block statement;7438;26;7412;0.5;0.9996235547190105;8.06668459262916e-05;0.9384615384615385;0.01884222879063982;0.9533618233618235;0.01445960868900875;0.9456970887048579;0.011713210835859864
Wrong lexicographical order for import;7438;12;7426;0.5;0.9974186609303576;0.00010060923330929602;0.16666666666666669;2.7755575615628914e-17;0.17939393939393938;0.012331509060227768;0.17259552042160736;0.005636165912044117
Line is longer than 100 characters;7438;140;7298;0.5;0.9945818768486154;0.0003350345736589817;0.8328571428571427;0.022857142857142857;0.8735837558790609;0.008373888543753281;0.852510019275687;0.01094331474189925
Missing a Javadoc comment.;7438;21;7417;0.5;0.999462221027158;1.1102230246251565e-16;0.8571428571428571;0.0;0.9473684210526315;0.0;0.9;0.0
Abbreviation in name must contain no more than '2' consecutive capital letters;7438;32;7406;0.5;0.9975396611992471;0.00010500470120873879;0.753125;0.021875000000000002;0.6985858585858586;0.010729016543573631;0.7247027716211211;0.013575630912732898
Member name must match pattern '^[a-z][a-z0-9][a-zA-Z0-9]*$';7438;10;7428;0.5;0.9995697768217264;5.3777897284224e-05;0.9;0.0;0.8045454545454547;0.027272727272727292;0.8493506493506494;0.01558441558441559
At-clause should have a non-empty description.;7438;22;7416;0.5;0.9998655552567894;0.0;0.9545454545454547;1.1102230246251565e-16;1.0;0.0;0.9767441860465118;1.1102230246251565e-16
Whitespace around a symbol is not followed by whitespace;7438;18;7420;0.5;0.9988034417854262;9.411132024734917e-05;0.7833333333333333;0.016666666666666673;0.7394987468671679;0.028600843730424406;0.7603275340117446;0.01465241668693624
'(' is followed by whitespace.;7438;14;7424;0.5;1.0;0.0;1.0;0.0;1.0;0.0;1.0;0.0
')' is preceded with whitespace.;7438;15;7423;0.5;0.9999596665770369;6.161032125512914e-05;0.9800000000000001;0.030550504633038926;1.0;0.0;0.9896551724137932;0.01580198515502012
"switch without ""default"" clause.";7438;1;7437;0.5;0.9996504436676528;8.918055365297497e-05;0.0;0.0;0.0;0.0;0.0;0.0
Whitespace around a symbol is not preceded by whitespace;7438;7;7431;0.5;0.9999596665770369;6.161032125512914e-05;0.9571428571428571;0.06546536707079774;1.0;0.0;0.9769230769230768;0.035250582268891106
Symbol should be on a new line;7438;3;7435;0.5;0.9991798870664157;0.00011167819121967304;0.0;0.0;0.0;0.0;0.0;0.0
Overload methods should not be split;7438;4;7434;0.5;0.9991395536434524;0.00012322064251025827;0.05;0.10000000000000002;0.05833333333333333;0.1181453906563152;0.05357142857142858;0.10744006397493804
Empty line should be followed by <p> tag on the next line.;7438;2;7436;0.5;0.999731110513579;1.1102230246251565e-16;0.0;0.0;0.0;0.0;0.0;0.0
Top-level class BookmarkStack has to reside in its own source file.;7438;1;7437;0.5;0.999731110513579;6.012551700723827e-05;0.0;0.0;0.0;0.0;0.0;0.0
'static' modifier out of order with the JLS suggestions.;7438;1;7437;0.5;0.9998386663081474;5.3777897284224e-05;0.0;0.0;0.0;0.0;0.0;0.0
Empty catch block.;7438;1;7437;0.5;0.9998655552567894;0.0;0.0;0.0;0.0;0.0;0.0;0.0
'if' construct must use '{}'s.;7438;0;7438;0.5;1.0;0.0;0.0;0.0;0.0;0.0;0.0;0.0
'CTOR_DEF' should be separated from previous statement.;7438;0;7438;0.5;1.0;0.0;0.0;0.0;0.0;0.0;0.0;0.0
'else' construct must use '{}'s.;7438;0;7438;0.5;1.0;0.0;0.0;0.0;0.0;0.0;0.0;0.0
'for' construct must use '{}'s.;7438;0;7438;0.5;1.0;0.0;0.0;0.0;0.0;0.0;0.0;0.0
'protected' modifier out of order with the JLS suggestions.;7438;0;7438;0.5;1.0;0.0;0.0;0.0;0.0;0.0;0.0;0.0
Distance between variable declaration and its first usage is more than '3';7438;0;7438;0.5;1.0;0.0;0.0;0.0;0.0;0.0;0.0;0.0
Javadoc comment has parse error.;7438;0;7438;0.5;1.0;0.0;0.0;0.0;0.0;0.0;0.0;0.0
GenericWhitespace '>' is followed by whitespace.;7438;0;7438;0.5;1.0;0.0;0.0;0.0;0.0;0.0;0.0;0.0
Local variable name must match pattern '^[a-z]([a-z0-9][a-zA-Z0-9]*)?$';7438;0;7438;0.5;1.0;0.0;0.0;0.0;0.0;0.0;0.0;0.0
Each variable declaration must be in its own statement.;7438;0;7438;0.5;1.0;0.0;0.0;0.0;0.0;0.0;0.0;0.0
Catch parameter name 'eMissingResource' must match pattern '^[a-z]([a-z0-9][a-zA-Z0-9]*)?$'.;7438;0;7438;0.5;1.0;0.0;0.0;0.0;0.0;0.0;0.0;0.0
'public' modifier out of order with the JLS suggestions.;7438;0;7438;0.5;1.0;0.0;0.0;0.0;0.0;0.0;0.0;0.0
Array brackets at illegal position.;7438;0;7438;0.5;1.0;0.0;0.0;0.0;0.0;0.0;0.0;0.0
At-clauses have to appear in the order '[@param, @return, @throws, @deprecated]'.;7438;0;7438;0.5;1.0;0.0;0.0;0.0;0.0;0.0;0.0;0.0
Parameter must match pattern '^[a-z]([a-z0-9][a-zA-Z0-9]*)?$';7438;0;7438;0.5;1.0;0.0;0.0;0.0;0.0;0.0;0.0;0.0
Single-line Javadoc comment should be multi-line.;7438;0;7438;0.5;1.0;0.0;0.0;0.0;0.0;0.0;0.0;0.0
'METHOD_DEF' should be separated from previous statement.;7438;0;7438;0.5;1.0;0.0;0.0;0.0;0.0;0.0;0.0;0.0
Redundant <p> tag.;7438;0;7438;0.5;1.0;0.0;0.0;0.0;0.0;0.0;0.0;0.0
Any;14875;10546;4329;1;0.9946621848739495;0.00013842864055107267;0.9965863834629245;8.48119847335155e-05;0.9958875985898257;0.00014753196937053947;0.9962368634810057;9.744865474183485e-05
'package' should be separated from previous statement.;14875;66;14809;1;0.9999327731092438;1.1102230246251565e-16;1.0;0.0;0.9850746268656716;0.0;0.9924812030075186;1.1102230246251565e-16
'{' should be on the previous line;14875;1479;13396;1;0.9998117647058823;2.6890756302533348e-05;1.0;0.0;0.9981104790230914;0.0002695410421342359;0.999054327884115;0.0001349982201046096
First sentence of Javadoc is incomplete (period is missing) or not present.;14875;249;14626;1;0.999798319327731;1.1102230246251565e-16;0.9919678714859439;1.1102230246251565e-16;0.9959677419354838;1.1102230246251565e-16;0.9939637826961769;1.1102230246251565e-16
Line contains a tab character.;14875;10326;4549;1;1.0;0.0;1.0;0.0;1.0;0.0;1.0;0.0
Incorrect indentation level;14875;7278;7597;1;0.9968134453781511;0.00021512605042019184;0.9977603737290464;0.0002751440559837855;0.9957355706521616;0.0002696657487729684;0.996746917845123;0.00021964693854320327
<p> tag should be placed immediately before the first word, with no space after.;14875;9;14866;1;0.999872268907563;4.705882352939054e-05;0.888888888888889;1.1102230246251565e-16;0.9044444444444444;0.07100686803853536;0.895218438252494;0.034898075765735
<p> tag should be preceded with an empty line.;14875;8;14867;1;0.9999193277310925;4.033613445375561e-05;1.0;0.0;0.8733333333333334;0.05799105933644393;0.9313725490196079;0.03271240197710376
'}' should be on the same line as the next part of a multi-block statement;14875;51;14824;1;0.999690756302521;5.378151260502784e-05;0.9705882352941175;0.013153341044116388;0.9410697515580978;0.0055603134114918075;0.9555627553485919;0.007941297424659046
Wrong lexicographical order for import;14875;23;14852;1;0.9977478991596639;5.420005208940623e-05;0.26086956521739124;5.551115123125783e-17;0.26701016374929415;0.009595618744215727;0.26381913491996745;0.004678015335951241
Line is longer than 100 characters;14875;280;14595;1;0.9977277310924372;0.0001337798234765159;0.9210714285714285;0.0075677214644346924;0.956614768023301;0.0026721927085881056;0.9384866430936449;0.003841743372763043
Missing a Javadoc comment.;14875;42;14833;1;0.9988974789915964;3.293431586931438e-05;0.7833333333333333;0.0071428571428571504;0.8185146966854283;0.009023424801989026;0.8004933918147747;0.0055458110851363766
Abbreviation in name must contain no more than '2' consecutive capital letters;14875;63;14812;1;0.9984873949579832;5.420005208940623e-05;0.7888888888888889;0.007273929674533054;0.8439427030463358;0.010636046147325735;0.815434977524142;0.006103397059606243
Member name must match pattern '^[a-z][a-z0-9][a-zA-Z0-9]*$';14875;20;14855;1;0.9999462184873948;2.6890756302533348e-05;1.0;0.0;0.9619047619047618;0.019047619047619067;0.9804878048780488;0.009756097560975618
At-clause should have a non-empty description.;14875;43;14832;1;0.9998386554621849;4.4593274492170474e-05;0.9767441860465116;0.0;0.967970401691332;0.014949777138163013;0.9722798245200245;0.007503077762576647
Whitespace around a symbol is not followed by whitespace;14875;35;14840;1;0.9992268907563024;0.00014805186921374434;0.9428571428571428;0.0;0.7785950245878974;0.04105513450219514;0.8523067084809256;0.024425987920184463
'(' is followed by whitespace.;14875;28;14847;1;0.9999663865546218;3.3613445378166684e-05;1.0;0.0;0.9827586206896551;0.017241379310344807;0.9912280701754386;0.00877192982456143
')' is preceded with whitespace.;14875;29;14846;1;0.9999529411764705;3.080723156274247e-05;0.9758620689655173;0.015801985155020116;1.0;0.0;0.987719298245614;0.008039606482378692
"switch without ""default"" clause.";14875;1;14874;1;0.9999327731092438;1.1102230246251565e-16;0.0;0.0;0.0;0.0;0.0;0.0
Whitespace around a symbol is not preceded by whitespace;14875;13;14862;1;0.9999865546218487;2.6890756302533348e-05;0.9846153846153847;0.030769230769230747;1.0;0.0;0.992;0.01599999999999997
Symbol should be on a new line;14875;5;14870;1;0.9992000000000001;7.018693451368255e-05;0.2;0.0;0.11393217893217893;0.013585312563984323;0.1446978021978022;0.010881683600675665
Overload methods should not be split;14875;8;14867;1;0.9990117647058823;7.982750982884145e-05;0.075;0.06123724356957946;0.07337662337662337;0.06109937601455122;0.07385964912280701;0.06066764582733403
Empty line should be followed by <p> tag on the next line.;14875;4;14871;1;0.9994957983193278;9.625425924888716e-05;0.25;0.0;0.19952380952380952;0.06977287415789869;0.21613275613275612;0.037510810714790406
Top-level class BookmarkStack has to reside in its own source file.;14875;1;14874;1;0.9998857142857143;3.08072315626916e-05;0.0;0.0;0.0;0.0;0.0;0.0
'static' modifier out of order with the JLS suggestions.;14875;2;14873;1;0.9999798319327731;3.0807231562742476e-05;1.0;0.0;0.9;0.1527525231651947;0.9400000000000001;0.09165151389911677
Empty catch block.;14875;1;14874;1;0.9999327731092438;1.1102230246251565e-16;0.0;0.0;0.0;0.0;0.0;0.0
'if' construct must use '{}'s.;14875;0;14875;1;1.0;0.0;0.0;0.0;0.0;0.0;0.0;0.0
'CTOR_DEF' should be separated from previous statement.;14875;0;14875;1;1.0;0.0;0.0;0.0;0.0;0.0;0.0;0.0
'else' construct must use '{}'s.;14875;0;14875;1;1.0;0.0;0.0;0.0;0.0;0.0;0.0;0.0
'for' construct must use '{}'s.;14875;0;14875;1;1.0;0.0;0.0;0.0;0.0;0.0;0.0;0.0
'protected' modifier out of order with the JLS suggestions.;14875;0;14875;1;1.0;0.0;0.0;0.0;0.0;0.0;0.0;0.0
Distance between variable declaration and its first usage is more than '3';14875;0;14875;1;1.0;0.0;0.0;0.0;0.0;0.0;0.0;0.0
Javadoc comment has parse error.;14875;0;14875;1;1.0;0.0;0.0;0.0;0.0;0.0;0.0;0.0
GenericWhitespace '>' is followed by whitespace.;14875;0;14875;1;1.0;0.0;0.0;0.0;0.0;0.0;0.0;0.0
Local variable name must match pattern '^[a-z]([a-z0-9][a-zA-Z0-9]*)?$';14875;0;14875;1;1.0;0.0;0.0;0.0;0.0;0.0;0.0;0.0
Each variable declaration must be in its own statement.;14875;0;14875;1;1.0;0.0;0.0;0.0;0.0;0.0;0.0;0.0
Catch parameter name 'eMissingResource' must match pattern '^[a-z]([a-z0-9][a-zA-Z0-9]*)?$'.;14875;0;14875;1;1.0;0.0;0.0;0.0;0.0;0.0;0.0;0.0
'public' modifier out of order with the JLS suggestions.;14875;0;14875;1;1.0;0.0;0.0;0.0;0.0;0.0;0.0;0.0
Array brackets at illegal position.;14875;0;14875;1;1.0;0.0;0.0;0.0;0.0;0.0;0.0;0.0
At-clauses have to appear in the order '[@param, @return, @throws, @deprecated]'.;14875;0;14875;1;1.0;0.0;0.0;0.0;0.0;0.0;0.0;0.0
Parameter must match pattern '^[a-z]([a-z0-9][a-zA-Z0-9]*)?$';14875;0;14875;1;1.0;0.0;0.0;0.0;0.0;0.0;0.0;0.0
Single-line Javadoc comment should be multi-line.;14875;0;14875;1;1.0;0.0;0.0;0.0;0.0;0.0;0.0;0.0
'METHOD_DEF' should be separated from previous statement.;14875;0;14875;1;1.0;0.0;0.0;0.0;0.0;0.0;0.0;0.0
Redundant <p> tag.;14875;0;14875;1;1.0;0.0;0.0;0.0;0.0;0.0;0.0;0.0
